{
  "A": {
    "papers_evaluated": 30,
    "unit": "paper-level mean (one observation per paper)",
    "axes": {
      "grounding": {
        "n": 30,
        "mean": 4.822,
        "median": 5.0,
        "stdev": 0.205,
        "p25": 4.667,
        "p75": 5.0,
        "hist": {
          "4.33": 1,
          "4.50": 2,
          "4.67": 11,
          "5": 16
        }
      },
      "specificity": {
        "n": 30,
        "mean": 4.217,
        "median": 4.333333333333333,
        "stdev": 0.571,
        "p25": 3.667,
        "p75": 4.667,
        "hist": {
          "3": 1,
          "3.33": 1,
          "3.67": 9,
          "4": 2,
          "4.33": 4,
          "4.50": 3,
          "4.67": 5,
          "5": 5
        }
      }
    }
  },
  "C": {
    "papers_evaluated": 30,
    "unit": "paper-level mean (one observation per paper)",
    "axes": {
      "grounding": {
        "n": 30,
        "mean": 4.817,
        "median": 5.0,
        "stdev": 0.307,
        "p25": 4.667,
        "p75": 5.0,
        "hist": {
          "3.50": 1,
          "4.50": 2,
          "4.67": 9,
          "5": 18
        }
      },
      "specificity": {
        "n": 30,
        "mean": 4.756,
        "median": 4.666666666666667,
        "stdev": 0.222,
        "p25": 4.667,
        "p75": 5.0,
        "hist": {
          "4.33": 2,
          "4.50": 4,
          "4.67": 12,
          "5": 12
        }
      }
    }
  }
}